--
-- PostgreSQL database dump
--

-- Dumped from database version 10.14 (Ubuntu 10.14-0ubuntu0.18.04.1)
-- Dumped by pg_dump version 10.14 (Ubuntu 10.14-0ubuntu0.18.04.1)

SET statement_timeout = 0;
SET lock_timeout = 0;
SET idle_in_transaction_session_timeout = 0;
SET client_encoding = 'UTF8';
SET standard_conforming_strings = on;
SELECT pg_catalog.set_config('search_path', '', false);
SET check_function_bodies = false;
SET xmloption = content;
SET client_min_messages = warning;
SET row_security = off;

--
-- Name: plpgsql; Type: EXTENSION; Schema: -; Owner: 
--

CREATE EXTENSION IF NOT EXISTS plpgsql WITH SCHEMA pg_catalog;


--
-- Name: EXTENSION plpgsql; Type: COMMENT; Schema: -; Owner: 
--

COMMENT ON EXTENSION plpgsql IS 'PL/pgSQL procedural language';


SET default_tablespace = '';

SET default_with_oids = false;

--
-- Name: ar_internal_metadata; Type: TABLE; Schema: public; Owner: sigdiv
--

CREATE TABLE public.ar_internal_metadata (
    key character varying NOT NULL,
    value character varying,
    created_at timestamp without time zone NOT NULL,
    updated_at timestamp without time zone NOT NULL
);


ALTER TABLE public.ar_internal_metadata OWNER TO sigdiv;

--
-- Name: attachments; Type: TABLE; Schema: public; Owner: sigdiv
--

CREATE TABLE public.attachments (
    id bigint NOT NULL,
    name character varying,
    description text,
    file character varying,
    debt_id integer,
    created_at timestamp without time zone NOT NULL,
    updated_at timestamp without time zone NOT NULL
);


ALTER TABLE public.attachments OWNER TO sigdiv;

--
-- Name: attachments_id_seq; Type: SEQUENCE; Schema: public; Owner: sigdiv
--

CREATE SEQUENCE public.attachments_id_seq
    START WITH 1
    INCREMENT BY 1
    NO MINVALUE
    NO MAXVALUE
    CACHE 1;


ALTER TABLE public.attachments_id_seq OWNER TO sigdiv;

--
-- Name: attachments_id_seq; Type: SEQUENCE OWNED BY; Schema: public; Owner: sigdiv
--

ALTER SEQUENCE public.attachments_id_seq OWNED BY public.attachments.id;


--
-- Name: creditors; Type: TABLE; Schema: public; Owner: sigdiv
--

CREATE TABLE public.creditors (
    id bigint NOT NULL,
    name character varying,
    created_at timestamp without time zone NOT NULL,
    updated_at timestamp without time zone NOT NULL,
    financial_agent boolean DEFAULT false
);


ALTER TABLE public.creditors OWNER TO sigdiv;

--
-- Name: creditors_id_seq; Type: SEQUENCE; Schema: public; Owner: sigdiv
--

CREATE SEQUENCE public.creditors_id_seq
    START WITH 1
    INCREMENT BY 1
    NO MINVALUE
    NO MAXVALUE
    CACHE 1;


ALTER TABLE public.creditors_id_seq OWNER TO sigdiv;

--
-- Name: creditors_id_seq; Type: SEQUENCE OWNED BY; Schema: public; Owner: sigdiv
--

ALTER SEQUENCE public.creditors_id_seq OWNED BY public.creditors.id;


--
-- Name: currencies; Type: TABLE; Schema: public; Owner: sigdiv
--

CREATE TABLE public.currencies (
    id bigint NOT NULL,
    name character varying,
    formula character varying,
    description text,
    created_at timestamp without time zone NOT NULL,
    updated_at timestamp without time zone NOT NULL
);


ALTER TABLE public.currencies OWNER TO sigdiv;

--
-- Name: currencies_id_seq; Type: SEQUENCE; Schema: public; Owner: sigdiv
--

CREATE SEQUENCE public.currencies_id_seq
    START WITH 1
    INCREMENT BY 1
    NO MINVALUE
    NO MAXVALUE
    CACHE 1;


ALTER TABLE public.currencies_id_seq OWNER TO sigdiv;

--
-- Name: currencies_id_seq; Type: SEQUENCE OWNED BY; Schema: public; Owner: sigdiv
--

ALTER SEQUENCE public.currencies_id_seq OWNED BY public.currencies.id;


--
-- Name: debts; Type: TABLE; Schema: public; Owner: sigdiv
--

CREATE TABLE public.debts (
    id bigint NOT NULL,
    code integer,
    contract_value numeric,
    signature_date date,
    creditor_id integer,
    grace_period date,
    amortization_period date,
    purpose text,
    created_at timestamp without time zone NOT NULL,
    updated_at timestamp without time zone NOT NULL,
    amortization_type integer,
    financial_agent_id integer,
    applicable_legislation character varying,
    legislation_level integer,
    name character varying,
    notes text,
    category integer,
    currency_id integer,
    loan_term integer,
    interest_rate numeric,
    decimal_places integer,
    start_amt_next_month_to_grace_period boolean
);


ALTER TABLE public.debts OWNER TO sigdiv;

--
-- Name: debts_id_seq; Type: SEQUENCE; Schema: public; Owner: sigdiv
--

CREATE SEQUENCE public.debts_id_seq
    START WITH 1
    INCREMENT BY 1
    NO MINVALUE
    NO MAXVALUE
    CACHE 1;


ALTER TABLE public.debts_id_seq OWNER TO sigdiv;

--
-- Name: debts_id_seq; Type: SEQUENCE OWNED BY; Schema: public; Owner: sigdiv
--

ALTER SEQUENCE public.debts_id_seq OWNED BY public.debts.id;


--
-- Name: schema_migrations; Type: TABLE; Schema: public; Owner: sigdiv
--

CREATE TABLE public.schema_migrations (
    version character varying NOT NULL
);


ALTER TABLE public.schema_migrations OWNER TO sigdiv;

--
-- Name: transaction_infos; Type: TABLE; Schema: public; Owner: sigdiv
--

CREATE TABLE public.transaction_infos (
    id bigint NOT NULL,
    formula character varying,
    payment_day integer,
    description text,
    debt_id integer,
    created_at timestamp without time zone NOT NULL,
    updated_at timestamp without time zone NOT NULL,
    frequency integer,
    category_number integer,
    slug character varying,
    base numeric,
    bind_withdraw boolean
);


ALTER TABLE public.transaction_infos OWNER TO sigdiv;

--
-- Name: transaction_infos_id_seq; Type: SEQUENCE; Schema: public; Owner: sigdiv
--

CREATE SEQUENCE public.transaction_infos_id_seq
    START WITH 1
    INCREMENT BY 1
    NO MINVALUE
    NO MAXVALUE
    CACHE 1;


ALTER TABLE public.transaction_infos_id_seq OWNER TO sigdiv;

--
-- Name: transaction_infos_id_seq; Type: SEQUENCE OWNED BY; Schema: public; Owner: sigdiv
--

ALTER SEQUENCE public.transaction_infos_id_seq OWNED BY public.transaction_infos.id;


--
-- Name: transaction_items; Type: TABLE; Schema: public; Owner: sigdiv
--

CREATE TABLE public.transaction_items (
    id bigint NOT NULL,
    value numeric,
    value_brl numeric,
    date date,
    exchange_rate numeric,
    start_balance numeric,
    start_outstanding_balance_brl numeric,
    transaction_info_id integer,
    created_at timestamp without time zone NOT NULL,
    updated_at timestamp without time zone NOT NULL,
    internalization_date date,
    confirmed boolean,
    formula character varying
);


ALTER TABLE public.transaction_items OWNER TO sigdiv;

--
-- Name: transaction_items_id_seq; Type: SEQUENCE; Schema: public; Owner: sigdiv
--

CREATE SEQUENCE public.transaction_items_id_seq
    START WITH 1
    INCREMENT BY 1
    NO MINVALUE
    NO MAXVALUE
    CACHE 1;


ALTER TABLE public.transaction_items_id_seq OWNER TO sigdiv;

--
-- Name: transaction_items_id_seq; Type: SEQUENCE OWNED BY; Schema: public; Owner: sigdiv
--

ALTER SEQUENCE public.transaction_items_id_seq OWNED BY public.transaction_items.id;


--
-- Name: attachments id; Type: DEFAULT; Schema: public; Owner: sigdiv
--

ALTER TABLE ONLY public.attachments ALTER COLUMN id SET DEFAULT nextval('public.attachments_id_seq'::regclass);


--
-- Name: creditors id; Type: DEFAULT; Schema: public; Owner: sigdiv
--

ALTER TABLE ONLY public.creditors ALTER COLUMN id SET DEFAULT nextval('public.creditors_id_seq'::regclass);


--
-- Name: currencies id; Type: DEFAULT; Schema: public; Owner: sigdiv
--

ALTER TABLE ONLY public.currencies ALTER COLUMN id SET DEFAULT nextval('public.currencies_id_seq'::regclass);


--
-- Name: debts id; Type: DEFAULT; Schema: public; Owner: sigdiv
--

ALTER TABLE ONLY public.debts ALTER COLUMN id SET DEFAULT nextval('public.debts_id_seq'::regclass);


--
-- Name: transaction_infos id; Type: DEFAULT; Schema: public; Owner: sigdiv
--

ALTER TABLE ONLY public.transaction_infos ALTER COLUMN id SET DEFAULT nextval('public.transaction_infos_id_seq'::regclass);


--
-- Name: transaction_items id; Type: DEFAULT; Schema: public; Owner: sigdiv
--

ALTER TABLE ONLY public.transaction_items ALTER COLUMN id SET DEFAULT nextval('public.transaction_items_id_seq'::regclass);


--
-- Data for Name: ar_internal_metadata; Type: TABLE DATA; Schema: public; Owner: sigdiv
--

COPY public.ar_internal_metadata (key, value, created_at, updated_at) FROM stdin;
environment	production	2019-12-23 16:09:39.949912	2019-12-23 16:09:39.949912
\.


--
-- Data for Name: attachments; Type: TABLE DATA; Schema: public; Owner: sigdiv
--

COPY public.attachments (id, name, description, file, debt_id, created_at, updated_at) FROM stdin;
1	contrato		ct_0412.704-29.2013_TransOceânica.pdf	1	2020-01-07 17:18:24.916505	2020-01-07 17:18:24.916505
2	Contrato CAF		CONTRATO_CAF_0161-2016_-_ASSINADO_PELO_PREFEITO.pdf	2	2020-03-16 19:12:34.648126	2020-03-16 19:12:34.648126
4	contrato		CONTRATO_CAF_0161-2016_-_ASSINADO_PELO_PREFEITO.pdf	3	2020-03-17 18:17:42.515291	2020-03-17 18:17:42.515291
6	teste upload	teste de upload 1	PDF_em_Branco.pdf	3	2020-04-28 14:38:11.293423	2020-04-28 14:38:11.293423
7	Contrato de Empréstimo 		Contrato_de_Emprestimo_2941OC__BR_BID.pdf	5	2020-04-29 16:02:32.157885	2020-04-29 16:02:32.157885
8	Contrato de Emprestimo	Contrato valor total de R$ 28.089.000,00 divido em 2 subcréditos, sendo o subcrédito "A" no valor de R$ 6.642.000,00 e subcrédito "B"  R$ 21.847.000,00.	ct._14.2.01161.1_-_BNDES_pmat.pdf	6	2020-04-29 17:05:40.712469	2020-04-29 17:05:40.712469
9	Contrato de Emprestimo	Contrato valor total de R$ 28.089.000,00 divido em 2 subcréditos, sendo o subcrédito "A" no valor de R$ 6.642.000,00 e subcrédito "B"  no valor de R$ 21.847.000,00.	ct._14.2.01161.1_-_BNDES_pmat.pdf	7	2020-04-29 17:11:19.083227	2020-04-29 17:11:55.553223
10	planilha		R.O._Sustentávél_-_CAF.xlsx	4	2020-04-30 01:30:22.41765	2020-04-30 01:30:22.41765
13	planilha		planilha_caixa_v2.xlsx	3	2020-05-07 00:28:29.000724	2020-05-07 00:28:29.000724
15	CONTRATO		CONTRATO_CAF_0161-2016_-_ASSINADO_PELO_PREFEITO.pdf	8	2020-05-18 03:13:33.091448	2020-05-18 03:13:33.091448
\.


--
-- Data for Name: creditors; Type: TABLE DATA; Schema: public; Owner: sigdiv
--

COPY public.creditors (id, name, created_at, updated_at, financial_agent) FROM stdin;
4	CAIXA ECONÔMICA FEDERAL	2020-03-17 16:47:03.916171	2020-03-17 16:47:03.916171	t
5	Corporação Andina de Fomento - CAF	2020-03-17 16:47:03.949173	2020-03-17 16:47:03.949173	f
6	BNDES	2020-03-17 16:47:03.974127	2020-03-17 16:47:03.974127	t
7	BID	2020-04-29 15:49:30.894149	2020-04-29 15:49:30.894149	f
8	Banco do Brasil S.A	2020-04-29 18:57:18.025306	2020-04-29 18:57:18.025306	t
9	BANCO DO BRASIL	2020-06-01 13:05:23.041165	2020-06-01 13:05:23.041165	t
\.


--
-- Data for Name: currencies; Type: TABLE DATA; Schema: public; Owner: sigdiv
--

COPY public.currencies (id, name, formula, description, created_at, updated_at) FROM stdin;
4	BRL	1	\N	2020-03-17 16:47:03.982513	2020-03-17 16:47:03.982513
5	USD	[BACEN1]	\N	2020-03-17 16:47:03.990784	2020-03-17 16:47:03.990784
6	URTJLP	[BNDES314]	\N	2020-03-17 16:47:03.999125	2020-03-17 16:47:03.999125
7	SELIC-2	[BNDES143]		2020-06-24 23:03:21.770042	2020-06-24 23:08:35.852729
8	LIBOR3 25 A 48M	[BNDES038]		2020-06-24 23:16:34.639846	2020-06-24 23:16:34.639846
\.


--
-- Data for Name: debts; Type: TABLE DATA; Schema: public; Owner: sigdiv
--

COPY public.debts (id, code, contract_value, signature_date, creditor_id, grace_period, amortization_period, purpose, created_at, updated_at, amortization_type, financial_agent_id, applicable_legislation, legislation_level, name, notes, category, currency_id, loan_term, interest_rate, decimal_places, start_amt_next_month_to_grace_period) FROM stdin;
6	123450	6242000.0	2014-12-20	6	2017-02-15	2023-12-15	Programa de Modernização da Administração Tributária e da Gestão dos Setores Sociais Básicos -  PMAT	2020-04-29 17:00:20.272817	2020-05-14 15:39:05.309452	0	\N		\N	PMAT - BNDES - SubC.A		0	4	72	2.2	4	\N
12	999998	292320000.0	2013-11-19	4	2017-11-15	2037-11-15	TESTE DE LANCAMENTOS 2	2020-06-03 19:24:27.326087	2020-06-03 20:47:06.572252	1	\N		\N	CAIXA FAKE 2		0	4	240	0.006	4	\N
11	999999	26470000.0	2014-02-28	10	2019-04-15	2038-10-15		2020-06-02 19:25:04.231486	2020-06-04 15:02:16.110557	0	8		\N	BID FAKE		0	5	40	2.75	4	\N
13	999997	6242000.0	2014-12-21	6	2017-02-15	2023-11-15	teste	2020-06-04 15:47:20.466314	2020-06-04 15:47:20.466314	0	\N		\N	BNDES Contrato A	teste obs	0	4	84	2.2	4	\N
3	123456	292320000.0	2013-11-19	4	2017-11-15	2037-11-15	Programa destinado à Implantação do Corredor BRT TransOcênica - Charitas/Centro	2020-03-17 16:47:04.013476	2020-06-04 17:40:56.559608	1	\N		\N	Caixa Transoceânica	teste de observação para Caixa TransOceanica	0	4	240	0.006	5	t
4	123789	100000000.0	2016-11-30	5	2021-05-30	2028-11-30	Programa região oceânica sustentável	2020-03-17 16:47:04.059124	2020-06-04 17:41:11.209625	0	4		\N	CAF - R.O. Sustentável		0	5	16	1.95	2	f
7	123451	21847000.0	2014-12-22	6	2017-11-15	2023-11-15	Programa de Modernização da Administração Tributária e da Gestão dos Setores Sociais Básicos -  PMAT	2020-04-29 17:10:19.343215	2020-05-29 16:46:47.592746	0	\N		\N	PMAT - BNDES - SubC.B		0	4	72	6.0	4	\N
14	888887	21847000.0	2014-12-21	6	2017-11-15	2023-11-15	TESTE BNDES - B	2020-06-04 18:05:34.13201	2020-06-04 18:07:27.185809	0	\N		\N	BNDES Contrato B	TESTE 	0	4	72	6.0	4	t
15	888886	100000000.0	2016-11-30	5	2021-05-30	2028-11-30		2020-06-05 13:31:40.794812	2020-06-05 13:31:40.794812	0	\N		\N	CAF TESTE 1		0	5	16	1.95	2	f
9	999999	3000000.0	2019-01-01	4	2019-03-01	2019-05-15	TESTE DE CONTRATO SAC	2020-05-29 17:54:54.703133	2020-05-29 17:54:54.703133	0	\N		\N	Z TESTE SAC	TESTE DE OBSERVACAO SAC	0	4	24	2.5	4	\N
10	123799	26470000.0	2016-11-30	10	2019-04-15	2038-10-15	ProCidades - Programa de Desenvolvimento Urbano e Inclusão Social de Niterói	2020-06-01 13:08:38.457592	2020-06-01 13:08:38.457592	0	9		\N	BID		1	5	40	2.75	2	\N
8	666666	1000000.0	2015-01-01	4	2015-12-01	2017-12-01		2020-05-14 18:19:46.614332	2020-06-02 19:50:13.71526	0	\N		\N	Teste Caixa Transoceanica		0	4	24	6.0	4	\N
\.


--
-- Data for Name: schema_migrations; Type: TABLE DATA; Schema: public; Owner: sigdiv
--

COPY public.schema_migrations (version) FROM stdin;
20181123150812
20181123150845
20181204154339
20181204160614
20181204161949
20181204162827
20181204165320
20181204165354
20181204172415
20181214151944
20181214152035
20181214152402
20181217152939
20181218165740
20181221175527
20181221180221
20181227165515
20190109173130
20190110145821
20190116190903
20190117134059
20190122133804
20190122133844
20190218153020
20190218153106
20190218173752
20190218194936
20190219174653
20190225153116
20190227190850
20190227190953
20190227191021
20190227195217
20190228172511
20190228184229
20190326163958
20190326164558
20190329164210
20190329164225
20190329165048
20190329165114
20190404200906
20190409160627
20190409161126
20190509180846
20190509180910
20190509180933
20190509185645
20190509185858
20190509190013
20190524180248
20190524181004
20190527192353
20190605181907
20190605184638
20190606184647
20190607182344
20190802152325
20190802153441
20190802183529
20190806190924
20190806193127
20190813140250
20190814164515
20190910152147
20191008155630
20191025174708
20200310144724
20200310150056
20200506094533
20200604170956
\.


--
-- Data for Name: transaction_infos; Type: TABLE DATA; Schema: public; Owner: sigdiv
--

COPY public.transaction_infos (id, formula, payment_day, description, debt_id, created_at, updated_at, frequency, category_number, slug, base, bind_withdraw) FROM stdin;
36		\N		9	2020-05-29 17:54:54.70476	2020-05-29 17:56:44.359129	\N	1	D	\N	f
38	[SALDO] * ((2,5 / 100 / 360) * [DELTA_DATA])	15		9	2020-05-29 17:54:54.706523	2020-05-29 17:56:44.359879	1	3	J	\N	f
10		15		3	2020-03-17 16:47:04.067399	2020-04-29 13:53:58.16571	\N	1	D	\N	f
11	[PGTO] - [SALDO] * [JUROS]	15		3	2020-03-17 16:47:04.11658	2020-04-29 13:53:58.166409	1	2	A	\N	f
67	\N	\N	\N	6	2020-06-05 18:35:57.06859	2020-06-05 18:35:57.06859	\N	5	EE	\N	\N
13	[SALDO] * (0.02 / 12)	15	Taxa Adm	3	2020-03-17 16:47:04.13317	2020-04-29 13:53:58.167704	1	4	TA	2.0	f
14	[SALDO] * (0.007 / 12)	15	Taxa Risco	3	2020-03-17 16:47:04.141522	2020-04-29 13:53:58.168302	1	4	TR	0.7	f
19		\N		5	2020-04-29 16:00:10.951912	2020-04-29 16:00:38.700221	6	1	D	\N	f
68	\N	\N	\N	12	2020-06-05 18:35:57.084106	2020-06-05 18:35:57.084106	\N	5	EE	\N	\N
15		30		4	2020-03-17 16:47:04.150045	2020-04-29 17:40:20.816045	\N	1	D	\N	f
16	[SALDO] / ([PARCELAS] - [N_PARCELA])	30		4	2020-03-17 16:47:04.158115	2020-04-29 17:40:20.816776	6	2	A	\N	f
17	[SALDO] * ((1.95 / 100 / 360) * [DELTA_DATA])	30		4	2020-03-17 16:47:04.16655	2020-04-29 17:40:20.817491	6	3	J	\N	f
18	([VALOR_CONTRATO] - [SALDO]) * ((0.35 / 100 / 360) * [DELTA_DATA])	30	Comissão de crédito	4	2020-03-17 16:47:04.174944	2020-04-29 17:40:20.818231	6	4	CC	0.35	f
69	\N	\N	\N	11	2020-06-05 18:35:57.092398	2020-06-05 18:35:57.092398	\N	5	EE	\N	\N
40		15	\N	10	2020-06-01 13:09:16.395258	2020-06-01 13:09:16.395258	\N	1	D	\N	\N
41	[SALDO] / ([PARCELAS] - [N_PARCELA])	15	\N	10	2020-06-01 13:09:16.407637	2020-06-01 13:09:16.407637	6	2	A	\N	\N
42	[SALDO] * ((1.95 / 100 / 360) * [DELTA_DATA])	15	\N	10	2020-06-01 13:09:16.432583	2020-06-01 13:09:16.432583	6	3	J	\N	\N
43	([VALOR_CONTRATO] - [SALDO]) * ((0.35 / 100 / 360) * [DELTA_DATA])	15	Comissão de crédito	10	2020-06-01 13:09:16.441513	2020-06-01 13:09:16.441513	6	4	CC	0.35	t
39	([VALOR_CONTRATO] - [SALDO]) * ((0,5 / 100 / 360) * [DELTA_DATA])	15		9	2020-05-29 17:54:54.707264	2020-06-02 18:27:25.984124	1	4	E	0.5	f
22	([VALOR_CONTRATO] - [SALDO]) * ((0.5 / 100 / 360) * [DELTA_DATA])	15		5	2020-04-29 16:00:10.954281	2020-05-29 15:35:17.057085	6	4	E	0.5	f
21	[SALDO] * ((2.75 / 100 / 360) * [DELTA_DATA])	15		5	2020-04-29 16:00:10.953465	2020-05-29 15:36:02.190261	6	3	J	2.75	f
20	[SALDO] / ([PARCELAS] - [N_PARCELA])	30		5	2020-04-29 16:00:10.952798	2020-05-29 15:54:27.835091	6	2	A	\N	f
70	\N	\N	\N	13	2020-06-05 18:35:57.100718	2020-06-05 18:35:57.100718	\N	5	EE	\N	\N
25	[SALDO] * ((2.2 / 100 / 360) * [DELTA_DATA])	15		6	2020-04-29 17:00:20.276058	2020-06-04 14:47:13.329448	3	3	J	2.2	f
23		15		6	2020-04-29 17:00:20.274296	2020-06-04 14:47:13.330108	1	1	D	\N	f
29	[SALDO] * ((6.00 / 100 / 360) * [DELTA_DATA])	15		7	2020-04-29 17:10:19.34559	2020-05-29 17:40:09.630224	3	3	J	\N	f
44		\N		8	2020-06-02 19:21:58.232979	2020-06-02 19:24:05.656266	1	1	D	\N	f
24	[SALDO] / ([PARCELAS] - [N_PARCELA])	15		6	2020-04-29 17:00:20.275292	2020-06-04 14:47:13.33075	1	2	A	\N	f
37	[SALDO] / ([PARCELAS] - [N_PARCELA])	15		9	2020-05-29 17:54:54.705663	2020-05-29 17:54:54.705663	1	2	A	\N	f
46	[SALDO] * [JUROS]	15		8	2020-06-02 19:21:58.234731	2020-06-02 19:24:05.657908	1	3	J	\N	f
49	[SALDO] * ((1.95 / 100 / 360) * [DELTA_DATA])	15		11	2020-06-02 19:25:04.234254	2020-06-02 19:25:04.234254	6	3	J	\N	f
50	([VALOR_CONTRATO] - [SALDO]) * ((0.35 / 100 / 360) * [DELTA_DATA])	15		11	2020-06-02 19:25:04.234961	2020-06-02 19:25:04.234961	6	4	E	\N	f
47		15		11	2020-06-02 19:25:04.232624	2020-06-04 15:02:16.111743	\N	1	D	\N	f
45	[SALDO] / ([PARCELAS] - [N_PARCELA])	15		8	2020-06-02 19:21:58.233997	2020-06-02 20:20:51.769252	1	2	A	\N	f
71	\N	\N	\N	3	2020-06-05 18:35:57.109126	2020-06-05 18:35:57.109126	\N	5	EE	\N	\N
48	[SALDO] / ([PARCELAS] - [N_PARCELA])	15		11	2020-06-02 19:25:04.233484	2020-06-03 14:34:29.665329	6	2	A	\N	f
56		\N		13	2020-06-04 15:47:20.467899	2020-06-04 15:47:20.467899	\N	1	D	\N	f
57	[PGTO] - [SALDO] * [JUROS]	15	Amortização	13	2020-06-04 15:47:20.468828	2020-06-04 15:47:20.468828	1	2	A	\N	f
72	\N	\N	\N	4	2020-06-05 18:35:57.11739	2020-06-05 18:35:57.11739	\N	5	EE	\N	\N
73	\N	\N	\N	7	2020-06-05 18:35:57.125756	2020-06-05 18:35:57.125756	\N	5	EE	\N	\N
74	\N	\N	\N	14	2020-06-05 18:35:57.134083	2020-06-05 18:35:57.134083	\N	5	EE	\N	\N
75	\N	\N	\N	15	2020-06-05 18:35:57.142411	2020-06-05 18:35:57.142411	\N	5	EE	\N	\N
28		15		7	2020-04-29 17:10:19.345033	2020-06-03 18:22:25.679311	3	2	A	\N	f
76	\N	\N	\N	9	2020-06-05 18:35:57.150661	2020-06-05 18:35:57.150661	\N	5	EE	\N	\N
27		15		7	2020-04-29 17:10:19.344319	2020-06-03 18:22:25.680706	\N	1	D	\N	f
52	[PGTO] - [SALDO] * [JUROS]	15		12	2020-06-03 19:24:27.328032	2020-06-03 19:24:27.328032	1	2	A	\N	f
53	[SALDO] * [JUROS]	15		12	2020-06-03 19:24:27.32876	2020-06-03 19:24:27.32876	1	3	J	6.0	f
51		\N		12	2020-06-03 19:24:27.327269	2020-06-03 19:50:50.088574	\N	1	D	\N	f
62	[SALDO] * ((6/100/365) * [DELTA_DATA])	15		14	2020-06-04 18:05:34.134793	2020-06-04 18:48:53.116491	3	3	J	\N	f
12	[SALDO] * [JUROS]+[SALDO]*(0.007/12)	15		3	2020-03-17 16:47:04.124777	2020-06-03 20:11:58.391792	1	3	J	6.0	f
55	[SALDO]*(0.007/12)	15	Taxa de Risco	12	2020-06-03 20:36:51.049342	2020-06-04 16:21:19.996094	1	4	TR	0.7	f
54	[SALDO]*(0.02/12)	15	Taxa Administrativo	12	2020-06-03 19:24:27.329563	2020-06-04 16:21:19.997023	1	4	TA	2.0	f
63		\N		15	2020-06-05 13:31:40.796238	2020-06-05 13:31:40.796238	\N	1	D	\N	f
64	[SALDO] / ([PARCELAS] - [N_PARCELA])	30		15	2020-06-05 13:31:40.797141	2020-06-05 13:31:40.797141	6	2	A	\N	f
58	[SALDO] * ((2.2 / 100 / 360) * [DELTA_DATA])	15		13	2020-06-04 15:47:20.469684	2020-06-04 17:17:52.121321	3	3	J	\N	f
60		\N		14	2020-06-04 18:05:34.133302	2020-06-04 18:05:34.133302	\N	1	D	\N	f
61	[SALDO] / ([PARCELAS] - [N_PARCELA])	15		14	2020-06-04 18:05:34.13406	2020-06-04 18:05:34.13406	3	2	A	\N	f
65	[SALDO] * ((1.95 / 100 / 360) * [DELTA_DATA])	30		15	2020-06-05 13:31:40.797947	2020-06-05 13:31:40.797947	6	3	J	\N	f
66	([VALOR_CONTRATO] - [SALDO]) * ((0.35 / 100 / 360) * [DELTA_DATA])	30	Comissão de Credito	15	2020-06-05 13:31:40.798746	2020-06-05 13:31:40.798746	6	4	E	\N	f
77	\N	\N	\N	10	2020-06-05 18:35:57.159049	2020-06-05 18:35:57.159049	\N	5	EE	\N	\N
78	\N	\N	\N	8	2020-06-05 18:35:57.167321	2020-06-05 18:35:57.167321	\N	5	EE	\N	\N
\.


--
-- Data for Name: transaction_items; Type: TABLE DATA; Schema: public; Owner: sigdiv
--

COPY public.transaction_items (id, value, value_brl, date, exchange_rate, start_balance, start_outstanding_balance_brl, transaction_info_id, created_at, updated_at, internalization_date, confirmed, formula) FROM stdin;
442	9943227.53	9943227.53	2016-06-15	1.0	0.0	\N	19	2020-05-29 15:15:53.822988	2020-05-29 15:15:53.822988	2016-06-15	t	
443	7591386.98	7591386.98	2017-12-15	1.0	0.0	\N	19	2020-05-29 15:17:08.691162	2020-05-29 15:17:08.691162	2017-12-15	t	
444	5051688.4	5051688.4	2019-07-15	1.0	7591386.98	\N	19	2020-05-29 15:18:17.382489	2020-05-29 15:18:17.382489	2019-06-15	t	
478	341394.19	1316928.09	2019-04-15	0.259235255586354756849328045	18737614.51	\N	42	2020-06-01 13:09:37.86274	2020-06-01 13:09:37.86274	\N	\N	\N
479	358098.87	1466056.77	2019-10-15	0.24425989315543353754302434	23320862.55	\N	42	2020-06-01 13:09:37.881277	2020-06-01 13:09:37.881277	\N	\N	\N
480	30639.93	74455.03	2014-10-15	0.411522633192142962000015311	0.0	\N	43	2020-06-01 13:09:37.896438	2020-06-01 13:09:37.896438	\N	\N	\N
481	31772.41	96905.85	2015-04-15	0.327868854150704008065560541	1203000.0	\N	43	2020-06-01 13:09:37.911604	2020-06-01 13:09:37.911604	\N	\N	\N
482	31670.28	124812.57	2015-10-15	0.253742711972039354689996368	1203000.0	\N	43	2020-06-01 13:09:37.92845	2020-06-01 13:09:37.92845	\N	\N	\N
483	81585.81	287793.94	2016-04-15	0.283486893434934731426241984	1203000.0	\N	43	2020-06-01 13:09:37.945409	2020-06-01 13:09:37.945409	\N	\N	\N
484	44557.91	141337.69	2016-10-15	0.315258513139701094591258708	11146227.53	\N	43	2020-06-01 13:09:37.961919	2020-06-01 13:09:37.961919	\N	\N	\N
485	38159.74	118333.35	2017-04-15	0.322476630637094276465594864	11146227.53	\N	43	2020-06-01 13:09:37.978775	2020-06-01 13:09:37.978775	\N	\N	\N
486	38414.39	122311.42	2017-10-15	0.314070346006938681604710337	11146227.53	\N	43	2020-06-01 13:09:37.995161	2020-06-01 13:09:37.995161	\N	\N	\N
487	26349.43	89493.2	2018-04-15	0.294429409161813411521769252	18737614.51	\N	43	2020-06-01 13:09:38.01187	2020-06-01 13:09:38.01187	\N	\N	\N
488	19383.93	72893.27	2018-10-15	0.265922080323739077695375718	18737614.51	\N	43	2020-06-01 13:09:38.028892	2020-06-01 13:09:38.028892	\N	\N	\N
489	19278.0	74364.89	2019-04-15	0.259235238564865758558911336	18737614.51	\N	43	2020-06-01 13:09:38.045341	2020-06-01 13:09:38.045341	\N	\N	\N
490	11356.59	46493.88	2019-10-15	0.244259889688707416976169767	23320862.55	\N	43	2020-06-01 13:09:38.062368	2020-06-01 13:09:38.062368	\N	\N	\N
491	468440.36	1807008.69	2019-04-15	0.259235255808316007600384036	18737614.51	\N	41	2020-06-01 13:09:38.078581	2020-06-01 13:09:38.078581	\N	\N	\N
492	597970.87	2448092.74	2019-10-15	0.244259892703247835292383572	23320862.55	\N	41	2020-06-01 13:09:39.445799	2020-06-01 13:09:39.445799	\N	\N	\N
498	573211.7069	573211.7069	2016-08-15	1.0	11851853.6476	\N	51	2020-06-03 19:53:26.850392	2020-06-03 19:59:20.457661	\N	t	
503	127371.278	127371.278	2015-01-15	1.0	206385.691	\N	56	2020-06-04 17:19:01.843217	2020-06-04 17:19:01.843217	\N	t	
434	1203000.0	1203000.0	2015-01-01	1.0	0.0	\N	19	2020-05-28 16:06:14.772715	2020-05-28 16:06:14.772715	2015-01-01	t	
493	30000.0	30000.0	2019-02-05	1.0	0.0	\N	44	2020-06-02 19:22:47.740399	2020-06-02 19:22:47.740399	\N	f	
494	30000.0	30000.0	2015-01-02	1.0	30000.0	\N	44	2020-06-02 19:23:34.822995	2020-06-02 19:23:34.822995	\N	t	
495	1203000.0	1203000.0	2015-11-15	10.0	0.0	\N	47	2020-06-02 19:26:43.276783	2020-06-03 19:12:48.55051	2015-11-15	t	
500	715325.3063	715325.3063	2016-11-15	1.0	2271699.8414	\N	51	2020-06-03 20:43:19.062887	2020-06-03 20:43:19.062887	\N	t	
445	125371.278	125371.278	2015-01-15	10.0	0.0	\N	23	2020-05-29 16:51:51.083761	2020-06-04 14:39:43.956572	\N	t	
446	206385.691	206385.691	2015-02-15	10.0	125371.27	\N	23	2020-05-29 16:55:19.258474	2020-06-04 14:40:10.921208	\N	t	
447	624784.5539	624784.5539	2015-04-15	10.0	331756.96	\N	23	2020-05-29 16:56:06.75662	2020-06-04 14:40:29.715435	\N	t	
449	522952.5584	522952.5584	2015-10-15	10.0	1815281.16	\N	23	2020-05-29 16:58:15.107531	2020-06-04 14:40:59.575759	\N	t	
448	858739.6504	858739.6504	2016-02-15	10.0	956541.51	\N	23	2020-05-29 16:57:23.785073	2020-06-04 14:41:38.963361	\N	t	
504	265946.6688	265946.6688	2015-01-15	1.0	0.0	\N	60	2020-06-04 18:06:26.959504	2020-06-04 18:06:26.959504	\N	t	
505	440999.1844	440999.1844	2015-02-15	1.0	265946.6688	\N	60	2020-06-04 18:08:36.568368	2020-06-04 18:08:36.568368	\N	t	
452	265946.66	265946.66	2015-01-15	1.0	0.0	\N	27	2020-05-29 17:26:04.990149	2020-05-29 17:26:04.990149	\N	t	
453	440999.18	440999.18	2015-02-15	1.0	265946.66	\N	27	2020-05-29 17:26:46.500779	2020-05-29 17:26:46.500779	\N	t	
454	1362241.92	1362241.92	2015-05-15	1.0	706945.84	\N	27	2020-05-29 17:27:21.119173	2020-05-29 17:27:21.119173	\N	t	
455	1100315.45	1100315.45	2015-10-15	1.0	2069187.76	\N	27	2020-05-29 17:29:03.005488	2020-05-29 17:29:03.005488	\N	t	
456	2071978.31	2071978.31	2016-02-15	100.0	3169503.21	\N	27	2020-05-29 17:31:02.803345	2020-05-29 17:31:12.260776	\N	t	
457	1335137.51	1335137.51	2016-03-15	1.0	5241481.52	\N	27	2020-05-29 17:31:56.91833	2020-05-29 17:31:56.91833	\N	t	
458	419254.5	419254.5	2016-06-15	1.0	6576619.03	\N	27	2020-05-29 17:32:41.864784	2020-05-29 17:32:41.864784	\N	t	
459	1374526.12	1374526.12	2016-09-15	1.0	6995873.53	\N	27	2020-05-29 17:34:56.856083	2020-05-29 17:34:56.856083	\N	t	
460	575106.83	575106.83	2016-10-15	1.0	8370399.65	\N	27	2020-05-29 17:35:38.599875	2020-05-29 17:35:38.599875	\N	t	
461	1767422.5	1767422.5	2016-12-15	1.0	8945506.48	\N	27	2020-05-29 17:36:25.140624	2020-05-29 17:36:25.140624	\N	t	
462	1000000.0	1000000.0	2019-01-10	1.0	0.0	\N	36	2020-05-29 17:55:25.552237	2020-05-29 17:55:25.552237	\N	t	
463	500000.0	500000.0	2019-05-15	1.0	1000000.0	\N	36	2020-05-29 17:55:55.289164	2020-05-29 17:55:55.289164	\N	t	
496	611973.6578	611973.6578	2016-07-15	1.0	0.0	\N	51	2020-06-03 19:26:58.159914	2020-06-03 20:00:29.646987	\N	t	
501	60.0	20.0	2020-06-04	3.0	1500000.0	\N	36	2020-06-04 13:24:05.280648	2020-06-04 13:24:05.280648	\N	t	
450	548930.0373	548930.0373	2016-03-15	10.0	2338233.71	\N	23	2020-05-29 17:21:10.323573	2020-06-04 14:42:26.62995	\N	t	
451	1094681.3614	1094681.3614	2016-06-15	10.0	2886973.36	\N	23	2020-05-29 17:22:12.827234	2020-06-04 14:42:46.595327	\N	t	
506	2408990.48	2408990.48	2017-05-30	1.0	0.0	\N	63	2020-06-05 13:33:28.900492	2020-06-05 13:33:28.900492	\N	t	
234	286313.74121	6207267.82	2017-02-15	21679950790.0	11612461.45252	\N	10	2020-03-17 16:47:04.365933	2020-05-28 04:25:22.079371	\N	t	
235	109984.5162	2388057.81	2017-03-15	2171267277.0	11898775.19373	\N	10	2020-03-17 16:47:04.374273	2020-05-28 04:38:49.795901	\N	t	
438	30000.0	30000.0	2020-05-28	1.0	0.0	\N	31	2020-05-28 20:22:42.299306	2020-05-28 20:22:42.299306	\N	f	
439	150000000.0	1500.0	2020-05-31	1.0	0.0	\N	31	2020-05-28 20:23:39.209564	2020-05-28 20:23:39.209564	\N	f	
437	3000000000.0	30000.0	2020-05-28	10.0	0.0	\N	31	2020-05-28 20:20:35.865825	2020-05-28 20:25:22.282349	\N	t	
464	3080000.0	12464760.0	2019-12-17	4047.0	39939373.97	\N	15	2020-05-29 19:08:05.636423	2020-05-29 19:08:05.636423	2019-12-19	t	
497	577590.2548	577590.2548	2016-09-15	10.0	6119736.5781	\N	51	2020-06-03 19:53:22.920924	2020-06-03 19:56:26.168293	\N	t	
499	508924.2219	508924.2219	2016-10-15	1.0	1762775.6195	\N	51	2020-06-03 20:16:16.954977	2020-06-03 20:16:16.954977	\N	t	
465	56980626.03	304162581.75	2020-10-29	5338000.0	43019373.97	\N	15	2020-05-29 19:20:26.622717	2020-05-29 19:36:28.076345	\N	f	
502	206385.691	206385.691	2015-02-15	1.0	0.0	\N	56	2020-06-04 15:51:14.714161	2020-06-04 15:51:14.714161	\N	t	
507	11015060.44	11015060.44	2017-06-05	1.0	2408990.48	\N	63	2020-06-05 14:00:36.080616	2020-06-05 14:00:36.080616	\N	t	
508	215629.57	215629.57	2017-11-30	1.0	3981845.1304	\N	24	2020-06-05 14:06:00.738319	2020-06-05 14:06:00.738319	\N	\N	=(((100000000-240899048)*(035/360*6))+((9759100952-1101506044)*(035/360*178)))/100
509	155517.3	155517.3	2017-12-30	10.0	3766215.5604	\N	24	2020-06-05 14:07:02.882028	2020-06-05 14:15:41.577206	\N	\N	
216	38267.1771676987	800224.9	2015-05-08	20.91152155	0.0	\N	10	2020-03-17 16:47:04.183606	2020-03-17 16:47:04.183606	\N	t	\N
217	100178.304001591	2099165.37	2015-06-19	20.95429136	38267.17717	\N	10	2020-03-17 16:47:04.224278	2020-03-17 16:47:04.224278	\N	t	\N
218	269454.113840257	5659740.67	2015-07-24	21.00446933	138445.48117	\N	10	2020-03-17 16:47:04.232598	2020-03-17 16:47:04.232598	\N	t	\N
219	172811.612402003	3636516.2	2015-08-21	21.0432398	407899.59501	\N	10	2020-03-17 16:47:04.241425	2020-03-17 16:47:04.241425	\N	t	\N
220	388238.148837079	8185330.12	2015-09-22	21.08327104	580711.20741	\N	10	2020-03-17 16:47:04.24926	2020-03-17 16:47:04.24926	\N	t	\N
221	180241.335471127	3807043.73	2015-10-22	21.12192367	968949.35625	\N	10	2020-03-17 16:47:04.257599	2020-03-17 16:47:04.257599	\N	t	\N
222	776149.536786542	16418436.94	2015-11-23	21.1537032	1149190.69172	\N	10	2020-03-17 16:47:04.265929	2020-03-17 16:47:04.265929	\N	t	\N
223	2027839.19399659	42965630.86	2015-12-17	21.18788856	1925340.22851	\N	10	2020-03-17 16:47:04.274779	2020-03-17 16:47:04.274779	\N	t	\N
224	1480367.51522129	31500447.14	2016-03-15	21.27880193	3953179.4225	\N	10	2020-03-17 16:47:04.283031	2020-03-17 16:47:04.283031	\N	t	\N
225	1986775.5527745	42393733.38	2016-05-06	21.33795804	5433546.93772	\N	10	2020-03-17 16:47:04.290939	2020-03-17 16:47:04.290939	\N	t	\N
226	383515.163323288	8207278.03	2016-06-27	21.40013959	7420322.4905	\N	10	2020-03-17 16:47:04.29928	2020-03-17 16:47:04.29928	\N	t	\N
227	611973.657811069	13121407.28	2016-07-29	21.44113086	7803837.65382	\N	10	2020-03-17 16:47:04.30806	2020-03-17 16:47:04.30806	\N	t	\N
228	573211.706951141	12319813.16	2016-08-30	21.49260563	8415811.31163	\N	10	2020-03-17 16:47:04.316538	2020-03-17 16:47:04.316538	\N	t	\N
229	577590.254823738	12435287.93	2016-09-30	21.52960135	8989023.01858	\N	10	2020-03-17 16:47:04.324389	2020-03-17 16:47:04.324389	\N	t	\N
230	508924.2218972	10973544.54	2016-10-28	21.0	9566613.27341	\N	10	2020-03-17 16:47:04.332648	2020-03-17 16:47:04.332648	\N	t	\N
231	715325.306302176	15447408.0	2016-11-30	21.5949413	10075537.49531	\N	10	2020-03-17 16:47:04.341493	2020-03-17 16:47:04.341493	\N	t	\N
232	550758.880241646	11909445.03	2016-12-22	21.62370042	10790862.80161	\N	10	2020-03-17 16:47:04.349733	2020-03-17 16:47:04.349733	\N	t	\N
233	270839.770669423	5869510.23	2017-01-31	21.67152267	11341621.68185	\N	10	2020-03-17 16:47:04.357607	2020-03-17 16:47:04.357607	\N	t	\N
236	295191.232075548	6417561.7	2017-06-30	21.74035338	12008759.70993	\N	10	2020-03-17 16:47:04.382629	2020-03-17 16:47:04.382629	\N	t	\N
237	351624.161135471	7653284.73	2017-09-18	21.76552574	12303950.94201	\N	10	2020-03-17 16:47:04.391483	2020-03-17 16:47:04.391483	\N	t	\N
238	252538.2031043	5496626.76	2017-11-13	21.0	12655575.10314	\N	10	2020-03-17 16:47:04.399752	2020-03-17 16:47:04.399752	\N	t	\N
239	288019.18248541	5496626.76	2018-02-15	1.0	12852099.2879	\N	10	2020-03-17 16:47:04.408137	2020-03-17 16:47:04.408137	\N	t	\N
240	208970.05587	5496626.76	2018-10-31	1.0	12905242.14372	\N	10	2020-03-17 16:47:04.415987	2020-03-17 16:47:04.415987	\N	t	\N
241	191.33589	4002.277414461063	2015-05-15	20.9175467	0.0	\N	12	2020-03-17 16:47:04.424796	2020-03-17 16:47:04.424796	\N	t	\N
242	692.22741	14500.1311260631854	2015-06-15	20.94706294	38267.17717	\N	12	2020-03-17 16:47:04.432673	2020-03-17 16:47:04.432673	\N	t	\N
243	2039.49798	42808.565676517173	2015-07-15	20.98975635	138445.48117	\N	12	2020-03-17 16:47:04.440999	2020-03-17 16:47:04.440999	\N	t	\N
244	2903.55604	61078.5217087749088	2015-08-15	21.03576472	407899.59501	\N	12	2020-03-17 16:47:04.449596	2020-03-17 16:47:04.449596	\N	t	\N
245	4844.74678	102096.4708982124998	2015-09-15	21.07364441	580711.20741	\N	12	2020-03-17 16:47:04.45793	2020-03-17 16:47:04.45793	\N	t	\N
246	5745.95346	121313.9227799800782	2015-10-15	21.11293167	968949.35625	\N	12	2020-03-17 16:47:04.465993	2020-03-17 16:47:04.465993	\N	t	\N
247	9626.70114	203574.4018255976238	2015-11-15	21.14684967	1149190.69172	\N	12	2020-03-17 16:47:04.474318	2020-03-17 16:47:04.474318	\N	t	\N
248	19765.89711	418712.0671858526289	2015-12-15	21.18355999	1925340.22851	\N	12	2020-03-17 16:47:04.482955	2020-03-17 16:47:04.482955	\N	t	\N
249	19765.89711	419474.6082194184171	2016-01-15	21.22213861	3953179.4225	\N	12	2020-03-17 16:47:04.491453	2020-03-17 16:47:04.491453	\N	t	\N
250	19765.89711	419948.1583964259705	2016-02-15	21.24609655	3953179.4225	\N	12	2020-03-17 16:47:04.49987	2020-03-17 16:47:04.49987	\N	t	\N
251	19765.89711	420594.6095724494223	2016-03-15	21.27880193	3953179.4225	\N	12	2020-03-17 16:47:04.508118	2020-03-17 16:47:04.508118	\N	t	\N
252	27167.73469	579157.3761854300146	2016-04-15	21.31783834	5433546.93772	\N	12	2020-03-17 16:47:04.515986	2020-03-17 16:47:04.515986	\N	t	\N
253	27167.73469	579957.7544933929224	2016-05-15	21.34729896	5433546.93772	\N	12	2020-03-17 16:47:04.524694	2020-03-17 16:47:04.524694	\N	t	\N
254	37101.61245	793390.650969422583	2016-06-15	21.38426334	7420322.4905	\N	12	2020-03-17 16:47:04.533103	2020-03-17 16:47:04.533103	\N	t	\N
255	39019.18827	835970.5056917445924	2016-07-15	21.42460012	7803837.65382	\N	12	2020-03-17 16:47:04.54134	2020-03-17 16:47:04.54134	\N	t	\N
256	42079.05656	903289.8357896383544	2016-08-15	21.46649449	8415811.31163	\N	12	2020-03-17 16:47:04.549778	2020-03-17 16:47:04.549778	\N	t	\N
257	44945.11509	966853.0554109991139	2016-09-15	21.51186071	8989023.01858	\N	12	2020-03-17 16:47:04.557653	2020-03-17 16:47:04.557653	\N	t	\N
258	47833.06637	1030645.697382419674	2016-10-15	21.5467202	9566613.27341	\N	12	2020-03-17 16:47:04.566004	2020-03-17 16:47:04.566004	\N	t	\N
259	50377.68748	1087127.27170447172	2016-11-15	21.579539	10075537.49531	\N	12	2020-03-17 16:47:04.574318	2020-03-17 16:47:04.574318	\N	t	\N
260	53954.31401	1166202.2024109351385	2016-12-15	21.61462385	10790862.80161	\N	12	2020-03-17 16:47:04.582653	2020-03-17 16:47:04.582653	\N	t	\N
261	56708.10841	1227907.7786289570253	2017-01-15	21.65312533	11341621.68185	\N	12	2020-03-17 16:47:04.590985	2020-03-17 16:47:04.590985	\N	t	\N
262	58062.30726	1258606.8782655311022	2017-02-15	21.67683197	11612461.45252	\N	12	2020-03-17 16:47:04.599319	2020-03-17 16:47:04.599319	\N	t	\N
263	59493.87597	1290663.3073926878055	2017-03-15	21.69405315	11898775.19373	\N	12	2020-03-17 16:47:04.607682	2020-03-17 16:47:04.607682	\N	t	\N
264	60043.79855	1303711.3497839504835	2017-04-15	21.71267277	12008759.70993	\N	12	2020-03-17 16:47:04.616469	2020-03-17 16:47:04.616469	\N	t	\N
265	60043.79855	1304118.727142658712	2017-05-15	21.71945744	12008759.70993	\N	12	2020-03-17 16:47:04.624312	2020-03-17 16:47:04.624312	\N	t	\N
266	60043.79855	1305040.3496140484155	2017-06-15	21.73480661	12008759.70993	\N	12	2020-03-17 16:47:04.633087	2020-03-17 16:47:04.633087	\N	t	\N
267	61519.75471	1337892.0608484309048	2017-07-17	21.74735688	12303950.94201	\N	12	2020-03-17 16:47:04.641497	2020-03-17 16:47:04.641497	\N	t	\N
268	61519.75471	1338624.7303671496498	2017-08-15	21.75926638	12303950.94201	\N	12	2020-03-17 16:47:04.649818	2020-03-17 16:47:04.649818	\N	t	\N
269	61519.75471	1339009.8046589912354	2017-09-15	21.76552574	12303950.94201	\N	12	2020-03-17 16:47:04.658175	2020-03-17 16:47:04.658175	\N	t	\N
270	63277.87552	1377276.2284030758848	2017-10-16	21.76552574	12655575.10314	\N	12	2020-03-17 16:47:04.666482	2020-03-17 16:47:04.666482	\N	t	\N
271	63277.87552	1377276.2284030758848	2017-11-16	21.76552574	12655575.10314	\N	12	2020-03-17 16:47:04.674378	2020-03-17 16:47:04.674378	\N	t	\N
272	64540.5665312297	1404759.362109662549202478	2017-12-15	21.76552574	12908113.30625	\N	12	2020-03-17 16:47:04.688526	2020-03-17 16:47:04.688526	\N	t	\N
273	64400.8806999382	1401719.026553174108509268	2018-01-15	21.76552574	12880176.13999	\N	12	2020-03-17 16:47:04.699505	2020-03-17 16:47:04.699505	\N	t	\N
274	64740.5284102816	1409111.637535185445448384	2018-02-15	21.76552574	12852099.2879	\N	12	2020-03-17 16:47:04.707706	2020-03-17 16:47:04.707706	\N	t	\N
275	65556.3443889012	1426868.301216933638916888	2018-03-15	21.76552574	13111268.87778	\N	12	2020-03-17 16:47:04.716037	2020-03-17 16:47:04.716037	\N	t	\N
276	65411.3751860724	1423712.970301256111703576	2018-04-15	21.76552574	13082275.03721	\N	12	2020-03-17 16:47:04.724423	2020-03-17 16:47:04.724423	\N	t	\N
277	65265.6811372294	1420541.862730998977984756	2018-05-15	21.76552574	13053136.22745	\N	12	2020-03-17 16:47:04.732744	2020-03-17 16:47:04.732744	\N	t	\N
278	65119.2586181423	1417354.899622893061632802	2018-06-15	21.76552574	13023851.72363	\N	12	2020-03-17 16:47:04.741078	2020-03-17 16:47:04.741078	\N	t	\N
279	64972.10399	1414152.0017763017026	2018-07-16	21.76552574	12994420.79729	\N	12	2020-03-17 16:47:04.749335	2020-03-17 16:47:04.749335	\N	t	\N
280	64824.21358	1410933.0892507475492	2018-08-15	21.76552574	12964842.71632	\N	12	2020-03-17 16:47:04.757705	2020-03-17 16:47:04.757705	\N	t	\N
281	64675.58372	1407698.0822071849528	2018-09-17	21.76552574	12935116.74495	\N	12	2020-03-17 16:47:04.766043	2020-03-17 16:47:04.766043	\N	t	\N
282	64526.21072	1404446.9003308239328	2018-10-15	21.76552574	12905242.14372	\N	12	2020-03-17 16:47:04.77437	2020-03-17 16:47:04.77437	\N	t	\N
283	64863.68764	1411792.2629197398536	2018-11-16	21.76552574	13084188.22536	\N	12	2020-03-17 16:47:04.782705	2020-03-17 16:47:04.782705	\N	t	\N
284	65267.62197	1420584.1059766245078	2018-12-15	21.76552574	13053524.39336	\N	12	2020-03-17 16:47:04.791007	2020-03-17 16:47:04.791007	\N	t	\N
285	65113.53621	1417230.3484011770454	2019-01-15	21.76552574	13022707.24221	\N	12	2020-03-17 16:47:04.799347	2020-03-17 16:47:04.799347	\N	t	\N
286	64958.68003	1413859.8222293889722	2019-02-15	21.76552574	12991736.0053	\N	12	2020-03-17 16:47:04.807672	2020-03-17 16:47:04.807672	\N	t	\N
287	64803.04956	1410472.4432286756744	2019-03-15	21.76552574	12960609.91221	\N	12	2020-03-17 16:47:04.816002	2020-03-17 16:47:04.816002	\N	t	\N
288	64646.64094	1407068.1273841077956	2019-04-15	21.76552574	12929328.18865	\N	12	2020-03-17 16:47:04.824336	2020-03-17 16:47:04.824336	\N	t	\N
289	64489.45028	1403646.7900277902072	2019-05-15	21.76552574	12897890.05647	\N	12	2020-03-17 16:47:04.832691	2020-03-17 16:47:04.832691	\N	t	\N
290	64331.47367	1400208.3460565172658	2019-06-15	21.76552574	12866294.73363	\N	12	2020-03-17 16:47:04.841332	2020-03-17 16:47:04.841332	\N	t	\N
291	64172.70717	1396752.7097141175558	2019-07-15	21.76552574	12834541.43418	\N	12	2020-03-17 16:47:04.849365	2020-03-17 16:47:04.849365	\N	t	\N
292	63.77863	1334.092471487021	2015-05-15	20.9175467	0.0	\N	13	2020-03-17 16:47:04.857702	2020-03-17 16:47:04.857702	\N	t	\N
293	230.74247	4833.3770420210618	2015-06-15	20.94706294	38267.17717	\N	13	2020-03-17 16:47:04.865995	2020-03-17 16:47:04.865995	\N	t	\N
294	679.83266	14269.521892172391	2015-07-15	20.98975635	138445.48117	\N	13	2020-03-17 16:47:04.874363	2020-03-17 16:47:04.874363	\N	t	\N
295	967.85201	20359.5071661390872	2015-08-15	21.03576472	407899.59501	\N	13	2020-03-17 16:47:04.882663	2020-03-17 16:47:04.882663	\N	t	\N
296	1614.91559	34032.1568958253519	2015-09-15	21.07364441	580711.20741	\N	13	2020-03-17 16:47:04.891038	2020-03-17 16:47:04.891038	\N	t	\N
297	1915.31782	40437.9742599933594	2015-10-15	21.11293167	968949.35625	\N	13	2020-03-17 16:47:04.899374	2020-03-17 16:47:04.899374	\N	t	\N
298	3208.90038	67858.1339418658746	2015-11-15	21.14684967	1149190.69172	\N	13	2020-03-17 16:47:04.907701	2020-03-17 16:47:04.907701	\N	t	\N
299	6588.63237	139570.6890619508763	2015-12-15	21.18355999	1925340.22851	\N	13	2020-03-17 16:47:04.916041	2020-03-17 16:47:04.916041	\N	t	\N
300	6588.63237	139824.8694064728057	2016-01-15	21.22213861	3953179.4225	\N	13	2020-03-17 16:47:04.924389	2020-03-17 16:47:04.924389	\N	t	\N
301	6588.63237	139982.7194654753235	2016-02-15	21.24609655	3953179.4225	\N	13	2020-03-17 16:47:04.932731	2020-03-17 16:47:04.932731	\N	t	\N
302	6588.63237	140198.2031908164741	2016-03-15	21.27880193	3953179.4225	\N	13	2020-03-17 16:47:04.941087	2020-03-17 16:47:04.941087	\N	t	\N
303	9055.91156	193052.4586574172104	2016-04-15	21.31783834	5433546.93772	\N	13	2020-03-17 16:47:04.949383	2020-03-17 16:47:04.949383	\N	t	\N
304	9055.91156	193319.2514266399776	2016-05-15	21.34729896	5433546.93772	\N	13	2020-03-17 16:47:04.957719	2020-03-17 16:47:04.957719	\N	t	\N
305	12367.20415	264463.550323140861	2016-06-15	21.38426334	7420322.4905	\N	13	2020-03-17 16:47:04.966055	2020-03-17 16:47:04.966055	\N	t	\N
306	13006.39609	278656.8352305815308	2016-07-15	21.42460012	7803837.65382	\N	13	2020-03-17 16:47:04.974378	2020-03-17 16:47:04.974378	\N	t	\N
307	14026.35219	301096.6120014344331	2016-08-15	21.46649449	8415811.31163	\N	13	2020-03-17 16:47:04.982713	2020-03-17 16:47:04.982713	\N	t	\N
308	14981.70503	322284.3518036663713	2016-09-15	21.51186071	8989023.01858	\N	13	2020-03-17 16:47:04.991062	2020-03-17 16:47:04.991062	\N	t	\N
309	15944.35546	343548.565865962292	2016-10-15	21.5467202	9566613.27341	\N	13	2020-03-17 16:47:04.999419	2020-03-17 16:47:04.999419	\N	t	\N
310	16792.56249	362375.75716289211	2016-11-15	21.579539	10075537.49531	\N	13	2020-03-17 16:47:05.007715	2020-03-17 16:47:05.007715	\N	t	\N
311	17984.77134	388734.067542360459	2016-12-15	21.61462385	10790862.80161	\N	13	2020-03-17 16:47:05.016082	2020-03-17 16:47:05.016082	\N	t	\N
312	18902.7028	409302.592804141924	2017-01-15	21.65312533	11341621.68185	\N	13	2020-03-17 16:47:05.024387	2020-03-17 16:47:05.024387	\N	t	\N
313	19354.10242	419535.6260885103674	2017-02-15	21.67683197	11612461.45252	\N	13	2020-03-17 16:47:05.032731	2020-03-17 16:47:05.032731	\N	t	\N
314	19831.29199	430221.1024642292685	2017-03-15	21.69405315	11898775.19373	\N	13	2020-03-17 16:47:05.041097	2020-03-17 16:47:05.041097	\N	t	\N
315	20014.59952	434570.4500003590704	2017-04-15	21.71267277	12008759.70993	\N	13	2020-03-17 16:47:05.049398	2020-03-17 16:47:05.049398	\N	t	\N
316	20014.59952	434706.2424532844288	2017-05-15	21.71945744	12008759.70993	\N	13	2020-03-17 16:47:05.057744	2020-03-17 16:47:05.057744	\N	t	\N
317	20014.59952	435013.4499437988272	2017-06-15	21.73480661	12008759.70993	\N	13	2020-03-17 16:47:05.066063	2020-03-17 16:47:05.066063	\N	t	\N
318	20506.5849	445964.020210319112	2017-07-17	21.74735688	12303950.94201	\N	13	2020-03-17 16:47:05.074417	2020-03-17 16:47:05.074417	\N	t	\N
319	20506.5849	446208.243383185662	2017-08-15	21.75926638	12303950.94201	\N	13	2020-03-17 16:47:05.082739	2020-03-17 16:47:05.082739	\N	t	\N
320	20506.5849	446336.601480445326	2017-09-15	21.76552574	12303950.94201	\N	13	2020-03-17 16:47:05.091078	2020-03-17 16:47:05.091078	\N	t	\N
321	21092.62517	459092.0760618068758	2017-10-16	21.76552574	12655575.10314	\N	13	2020-03-17 16:47:05.099405	2020-03-17 16:47:05.099405	\N	t	\N
322	21092.62517	459092.0760618068758	2017-11-16	21.76552574	12655575.10314	\N	13	2020-03-17 16:47:05.107714	2020-03-17 16:47:05.107714	\N	t	\N
323	21513.52218	468253.1207668509132	2017-12-15	21.76552574	12908113.30625	\N	13	2020-03-17 16:47:05.116066	2020-03-17 16:47:05.116066	\N	t	\N
324	21466.96023	467239.6754456213202	2018-01-15	21.76552574	12880176.13999	\N	13	2020-03-17 16:47:05.124376	2020-03-17 16:47:05.124376	\N	t	\N
325	21580.17614	469703.8792489038436	2018-02-15	21.76552574	12852099.2879	\N	13	2020-03-17 16:47:05.132726	2020-03-17 16:47:05.132726	\N	t	\N
326	21852.1148	475622.767152834952	2018-03-15	21.76552574	13111268.87778	\N	13	2020-03-17 16:47:05.141053	2020-03-17 16:47:05.141053	\N	t	\N
327	21803.79173	474570.9901289141302	2018-04-15	21.76552574	13082275.03721	\N	13	2020-03-17 16:47:05.149373	2020-03-17 16:47:05.149373	\N	t	\N
328	21755.22705	473513.954336319267	2018-05-15	21.76552574	13053136.22745	\N	13	2020-03-17 16:47:05.157706	2020-03-17 16:47:05.157706	\N	t	\N
329	21706.41954	472451.6332211089596	2018-06-15	21.76552574	13023851.72363	\N	13	2020-03-17 16:47:05.166044	2020-03-17 16:47:05.166044	\N	t	\N
330	21657.368	471384.00066465232	2018-07-16	21.76552574	12994420.79729	\N	13	2020-03-17 16:47:05.174369	2020-03-17 16:47:05.174369	\N	t	\N
331	21608.07119	470311.0296776974306	2018-08-15	21.76552574	12964842.71632	\N	13	2020-03-17 16:47:05.182719	2020-03-17 16:47:05.182719	\N	t	\N
332	21558.52791	469232.6941416134034	2018-09-17	21.76552574	12935116.74495	\N	13	2020-03-17 16:47:05.191049	2020-03-17 16:47:05.191049	\N	t	\N
333	21508.73691	468148.9668494930634	2018-10-15	21.76552574	12905242.14372	\N	13	2020-03-17 16:47:05.199406	2020-03-17 16:47:05.199406	\N	t	\N
334	21621.22921	470597.4209006948654	2018-11-16	21.76552574	13084188.22536	\N	13	2020-03-17 16:47:05.207817	2020-03-17 16:47:05.207817	\N	t	\N
335	21755.87399	473528.0353255415026	2018-12-15	21.76552574	13053524.39336	\N	13	2020-03-17 16:47:05.216152	2020-03-17 16:47:05.216152	\N	t	\N
336	21704.51207	472410.1161337256818	2019-01-15	21.76552574	13022707.24221	\N	13	2020-03-17 16:47:05.224484	2020-03-17 16:47:05.224484	\N	t	\N
337	21652.89334	471286.6073372445716	2019-02-15	21.76552574	12991736.0053	\N	13	2020-03-17 16:47:05.232791	2020-03-17 16:47:05.232791	\N	t	\N
338	21601.01652	470157.4810762252248	2019-03-15	21.76552574	12960609.91221	\N	13	2020-03-17 16:47:05.241134	2020-03-17 16:47:05.241134	\N	t	\N
339	21548.88031	469022.7090554841794	2019-04-15	21.76552574	12929328.18865	\N	13	2020-03-17 16:47:05.249449	2020-03-17 16:47:05.249449	\N	t	\N
340	21496.48343	467882.2634151484882	2019-05-15	21.76552574	12897890.05647	\N	13	2020-03-17 16:47:05.257782	2020-03-17 16:47:05.257782	\N	t	\N
341	21443.82456	466736.1154247241744	2019-06-15	21.76552574	12866294.73363	\N	13	2020-03-17 16:47:05.266115	2020-03-17 16:47:05.266115	\N	t	\N
342	21390.90239	465584.2365713725186	2019-07-15	21.76552574	12834541.43418	\N	13	2020-03-17 16:47:05.274475	2020-03-17 16:47:05.274475	\N	t	\N
343	22.32252	466.932354561684	2015-05-15	20.9175467	0.0	\N	14	2020-03-17 16:47:05.282846	2020-03-17 16:47:05.282846	\N	t	\N
344	80.75986	1691.6818704455884	2015-06-15	20.94706294	38267.17717	\N	14	2020-03-17 16:47:05.29115	2020-03-17 16:47:05.29115	\N	t	\N
345	237.94143	4994.3326412705805	2015-07-15	20.98975635	138445.48117	\N	14	2020-03-17 16:47:05.299449	2020-03-17 16:47:05.299449	\N	t	\N
346	338.7482	7125.827434523504	2015-08-15	21.03576472	407899.59501	\N	14	2020-03-17 16:47:05.307813	2020-03-17 16:47:05.307813	\N	t	\N
347	565.22046	11911.2549872966286	2015-09-15	21.07364441	580711.20741	\N	14	2020-03-17 16:47:05.31615	2020-03-17 16:47:05.31615	\N	t	\N
348	670.36124	14153.2910543364708	2015-10-15	21.11293167	968949.35625	\N	14	2020-03-17 16:47:05.324505	2020-03-17 16:47:05.324505	\N	t	\N
349	1123.11513	23750.3468162125071	2015-11-15	21.14684967	1149190.69172	\N	14	2020-03-17 16:47:05.332837	2020-03-17 16:47:05.332837	\N	t	\N
350	2306.02133	48849.7411822745867	2015-12-15	21.18355999	1925340.22851	\N	14	2020-03-17 16:47:05.341166	2020-03-17 16:47:05.341166	\N	t	\N
351	2306.02133	48938.7043028765513	2016-01-15	21.22213861	3953179.4225	\N	14	2020-03-17 16:47:05.34947	2020-03-17 16:47:05.34947	\N	t	\N
352	2306.02133	48993.9518235394115	2016-02-15	21.24609655	3953179.4225	\N	14	2020-03-17 16:47:05.357781	2020-03-17 16:47:05.357781	\N	t	\N
353	2306.02133	49069.3711274251669	2016-03-15	21.27880193	3953179.4225	\N	14	2020-03-17 16:47:05.36615	2020-03-17 16:47:05.36615	\N	t	\N
354	3169.56905	67568.360615367377	2016-04-15	21.31783834	5433546.93772	\N	14	2020-03-17 16:47:05.374478	2020-03-17 16:47:05.374478	\N	t	\N
355	3169.56905	67661.738084713188	2016-05-15	21.34729896	5433546.93772	\N	14	2020-03-17 16:47:05.382809	2020-03-17 16:47:05.382809	\N	t	\N
356	4328.52145	92562.242559638643	2016-06-15	21.38426334	7420322.4905	\N	14	2020-03-17 16:47:05.391123	2020-03-17 16:47:05.391123	\N	t	\N
357	4552.23863	97529.8922985666356	2016-07-15	21.42460012	7803837.65382	\N	14	2020-03-17 16:47:05.399516	2020-03-17 16:47:05.399516	\N	t	\N
358	4909.22327	105383.8142756347823	2016-08-15	21.46649449	8415811.31163	\N	14	2020-03-17 16:47:05.407855	2020-03-17 16:47:05.407855	\N	t	\N
359	5243.59676	112799.5231205272996	2016-09-15	21.51186071	8989023.01858	\N	14	2020-03-17 16:47:05.416124	2020-03-17 16:47:05.416124	\N	t	\N
360	5580.52441	120241.998031540082	2016-10-15	21.5467202	9566613.27341	\N	14	2020-03-17 16:47:05.424474	2020-03-17 16:47:05.424474	\N	t	\N
361	5877.39687	126831.51497464293	2016-11-15	21.579539	10075537.49531	\N	14	2020-03-17 16:47:05.432839	2020-03-17 16:47:05.432839	\N	t	\N
362	6294.66997	136056.9236614407845	2016-12-15	21.61462385	10790862.80161	\N	14	2020-03-17 16:47:05.441152	2020-03-17 16:47:05.441152	\N	t	\N
363	6615.94598	143255.9074814496734	2017-01-15	21.65312533	11341621.68185	\N	14	2020-03-17 16:47:05.449454	2020-03-17 16:47:05.449454	\N	t	\N
364	6773.93585	146837.4691960091245	2017-02-15	21.67683197	11612461.45252	\N	14	2020-03-17 16:47:05.457806	2020-03-17 16:47:05.457806	\N	t	\N
365	6940.9522	150577.38593840943	2017-03-15	21.69405315	11898775.19373	\N	14	2020-03-17 16:47:05.466127	2020-03-17 16:47:05.466127	\N	t	\N
366	7005.10983	152099.6574567003291	2017-04-15	21.71267277	12008759.70993	\N	14	2020-03-17 16:47:05.474452	2020-03-17 16:47:05.474452	\N	t	\N
367	7005.10983	152147.1848152106352	2017-05-15	21.71945744	12008759.70993	\N	14	2020-03-17 16:47:05.482838	2020-03-17 16:47:05.482838	\N	t	\N
368	7005.10983	152254.7074368599763	2017-06-15	21.73480661	12008759.70993	\N	14	2020-03-17 16:47:05.491193	2020-03-17 16:47:05.491193	\N	t	\N
369	7177.30472	156087.4071823484736	2017-07-17	21.74735688	12303950.94201	\N	14	2020-03-17 16:47:05.499524	2020-03-17 16:47:05.499524	\N	t	\N
370	7177.30472	156172.8852929113136	2017-08-15	21.75926638	12303950.94201	\N	14	2020-03-17 16:47:05.507866	2020-03-17 16:47:05.507866	\N	t	\N
371	7177.30472	156217.8106269834928	2017-09-15	21.76552574	12303950.94201	\N	14	2020-03-17 16:47:05.516191	2020-03-17 16:47:05.516191	\N	t	\N
372	7382.41881	159066.912498286962	2017-10-16	21.5467202	12655575.10314	\N	14	2020-03-17 16:47:05.524525	2020-03-17 16:47:05.524525	\N	t	\N
373	7382.41881	160682.2266325151694	2017-11-16	21.76552574	12655575.10314	\N	14	2020-03-17 16:47:05.532889	2020-03-17 16:47:05.532889	\N	t	\N
374	7529.73276	163888.5922031012424	2017-12-15	21.76552574	12908113.30625	\N	14	2020-03-17 16:47:05.541229	2020-03-17 16:47:05.541229	\N	t	\N
375	7513.43608	163533.8863950846992	2018-01-15	21.76552574	12880176.13999	\N	14	2020-03-17 16:47:05.54953	2020-03-17 16:47:05.54953	\N	t	\N
376	7665.06911	166834.2590125838914	2018-02-15	21.76552574	12852099.2879	\N	14	2020-03-17 16:47:05.557848	2020-03-17 16:47:05.557848	\N	t	\N
377	7648.24018	166467.9685034922332	2018-03-15	21.76552574	13111268.87778	\N	14	2020-03-17 16:47:05.566166	2020-03-17 16:47:05.566166	\N	t	\N
378	7631.32711	166099.8466430648114	2018-04-15	21.76552574	13082275.03721	\N	14	2020-03-17 16:47:05.574523	2020-03-17 16:47:05.574523	\N	t	\N
379	7614.32947	165729.8840721255578	2018-05-15	21.76552574	13053136.22745	\N	14	2020-03-17 16:47:05.582855	2020-03-17 16:47:05.582855	\N	t	\N
380	7597.24684	165358.0716491536616	2018-06-15	21.76552574	13023851.72363	\N	14	2020-03-17 16:47:05.591168	2020-03-17 16:47:05.591168	\N	t	\N
381	7580.0788	164984.400232628312	2018-07-16	21.76552574	12994420.79729	\N	14	2020-03-17 16:47:05.599574	2020-03-17 16:47:05.599574	\N	t	\N
382	7562.82492	164608.8604633734408	2018-08-15	21.76552574	12964842.71632	\N	14	2020-03-17 16:47:05.607883	2020-03-17 16:47:05.607883	\N	t	\N
383	7545.48477	164231.4429822129798	2018-09-17	21.76552574	12935116.74495	\N	14	2020-03-17 16:47:05.616168	2020-03-17 16:47:05.616168	\N	t	\N
384	7528.05792	163852.1384299708608	2018-10-15	21.76552574	12905242.14372	\N	14	2020-03-17 16:47:05.624525	2020-03-17 16:47:05.624525	\N	t	\N
385	7632.44313	166124.1374051011662	2018-11-16	21.76552574	13084188.22536	\N	14	2020-03-17 16:47:05.632863	2020-03-17 16:47:05.632863	\N	t	\N
386	7614.5559	165734.812440118866	2018-12-15	21.76552574	13053524.39336	\N	14	2020-03-17 16:47:05.641226	2020-03-17 16:47:05.641226	\N	t	\N
387	7596.57922	165343.5405488591228	2019-01-15	21.76552574	13022707.24221	\N	14	2020-03-17 16:47:05.649528	2020-03-17 16:47:05.649528	\N	t	\N
388	7578.51267	164950.3125898011258	2019-02-15	21.76552574	12991736.0053	\N	14	2020-03-17 16:47:05.657856	2020-03-17 16:47:05.657856	\N	t	\N
389	7560.35578	164555.1183331477772	2019-03-15	21.76552574	12960609.91221	\N	14	2020-03-17 16:47:05.666189	2020-03-17 16:47:05.666189	\N	t	\N
390	7542.10811	164157.9482020677514	2019-04-15	21.76552574	12929328.18865	\N	14	2020-03-17 16:47:05.674526	2020-03-17 16:47:05.674526	\N	t	\N
391	7523.7692	163758.792184419208	2019-05-15	21.76552574	12897890.05647	\N	14	2020-03-17 16:47:05.682856	2020-03-17 16:47:05.682856	\N	t	\N
392	7505.33859	163357.6402680603066	2019-06-15	21.76552574	12866294.73363	\N	14	2020-03-17 16:47:05.691173	2020-03-17 16:47:05.691173	\N	t	\N
393	7486.81584	162954.4828761597216	2019-07-15	21.76552574	12834541.43418	\N	14	2020-03-17 16:47:05.69953	2020-03-17 16:47:05.69953	\N	t	\N
394	27937.1662582689	608067.111297011230791486	2017-12-15	21.76552574	12908113.30625	\N	11	2020-03-17 16:47:05.707864	2020-03-17 16:47:05.707864	\N	t	\N
395	28076.8520900616	611107.446864408552985584	2018-01-15	21.76552574	12880176.13999	\N	11	2020-03-17 16:47:05.716168	2020-03-17 16:47:05.716168	\N	t	\N
396	28849.5926027462	627926.550383586010787188	2018-02-15	21.76552574	12852099.2879	\N	11	2020-03-17 16:47:05.724498	2020-03-17 16:47:05.724498	\N	t	\N
397	28993.8405657599	631066.183135503266109826	2018-03-15	21.76552574	13111268.87778	\N	11	2020-03-17 16:47:05.732858	2020-03-17 16:47:05.732858	\N	t	\N
398	29138.8097685887	634221.514051180793323138	2018-04-15	21.76552574	13082275.03721	\N	11	2020-03-17 16:47:05.74121	2020-03-17 16:47:05.74121	\N	t	\N
399	29284.5038174316	637392.621621435750489384	2018-05-15	21.76552574	13053136.22745	\N	11	2020-03-17 16:47:05.749607	2020-03-17 16:47:05.749607	\N	t	\N
400	29430.9263365188	640579.584729543843393912	2018-06-15	21.76552574	13023851.72363	\N	11	2020-03-17 16:47:05.75793	2020-03-17 16:47:05.75793	\N	t	\N
401	29578.08097	643782.4826923391678	2018-07-16	21.76552574	12994420.79729	\N	11	2020-03-17 16:47:05.76626	2020-03-17 16:47:05.76626	\N	t	\N
402	29725.97137	647001.3950002380638	2018-08-15	21.76552574	12964842.71632	\N	11	2020-03-17 16:47:05.774605	2020-03-17 16:47:05.774605	\N	t	\N
403	29874.60123	650236.4020438006602	2018-09-17	21.76552574	12935116.74495	\N	11	2020-03-17 16:47:05.782949	2020-03-17 16:47:05.782949	\N	t	\N
404	30023.97424	653487.5841378169376	2018-10-15	21.76552574	12905242.14372	\N	11	2020-03-17 16:47:05.791251	2020-03-17 16:47:05.791251	\N	t	\N
405	30663.83199	667414.4244653804226	2018-11-16	21.76552574	13084188.22536	\N	11	2020-03-17 16:47:05.799601	2020-03-17 16:47:05.799601	\N	t	\N
406	30817.15115	670751.496588795601	2018-12-15	21.76552574	13053524.39336	\N	11	2020-03-17 16:47:05.807876	2020-03-17 16:47:05.807876	\N	t	\N
407	30971.236912	674105.25420777411488	2019-01-15	21.76552574	13022707.24221	\N	11	2020-03-17 16:47:05.816213	2020-03-17 16:47:05.816213	\N	t	\N
408	31126.09309	677475.7803360311366	2019-02-15	21.76552574	12991736.0053	\N	11	2020-03-17 16:47:05.82457	2020-03-17 16:47:05.82457	\N	t	\N
409	31281.72356	680863.1593367444344	2019-03-15	21.76552574	12960609.91221	\N	11	2020-03-17 16:47:05.832887	2020-03-17 16:47:05.832887	\N	t	\N
410	31438.13218	684267.4751813123132	2019-04-15	21.76552574	12929328.18865	\N	11	2020-03-17 16:47:05.841234	2020-03-17 16:47:05.841234	\N	t	\N
411	31595.32284	687688.8125376299016	2019-05-15	21.76552574	12897890.05647	\N	11	2020-03-17 16:47:05.857903	2020-03-17 16:47:05.857903	\N	t	\N
412	31753.29945	691127.256508902843	2019-06-15	21.76552574	12866294.73363	\N	11	2020-03-17 16:47:05.86621	2020-03-17 16:47:05.86621	\N	t	\N
413	31912.06595	694582.892851302553	2019-07-15	21.76552574	12834541.43418	\N	11	2020-03-17 16:47:05.874551	2020-03-17 16:47:05.874551	\N	t	\N
414	2408990.48	7836446.03144	2017-05-30	3.253	0.0	\N	15	2020-03-17 16:47:05.882905	2020-03-17 16:47:05.882905	\N	t	\N
418	4685650.71	15518875.15152	2017-12-20	3.312	20035065.34	\N	15	2020-03-17 16:47:05.924586	2020-03-17 16:47:05.924586	2017-12-22	t	\N
419	1380706.92	4960879.96356	2018-05-04	3.593	24720716.05	\N	15	2020-03-17 16:47:05.932925	2020-03-17 16:47:05.932925	2018-05-09	t	\N
420	3987951.0	15403460.7375	2018-07-05	3.8625	26101422.97	\N	15	2020-03-17 16:47:05.941243	2020-03-17 16:47:05.941243	2018-07-11	t	\N
421	6500000.0	23981750.0	2018-10-26	3.6895	30089373.97	\N	15	2020-03-17 16:47:05.949584	2020-03-17 16:47:05.949584	2018-10-30	t	\N
422	3350000.0	12830500.0	2019-03-12	3.83	36589373.97	\N	15	2020-03-17 16:47:05.957929	2020-03-17 16:47:05.957929	2018-03-18	t	\N
423	215629.57	697130.39981	2017-11-30	3.233	17453436.84	\N	17	2020-03-17 16:47:05.974601	2020-03-17 16:47:05.974601	\N	t	\N
424	434329.9	1617010.2177	2018-05-30	3.723	24720716.05	\N	17	2020-03-17 16:47:05.982933	2020-03-17 16:47:05.982933	\N	t	\N
425	638654.3	2471911.46815	2018-11-30	3.8705	36589373.97	\N	17	2020-03-17 16:47:05.991209	2020-03-17 16:47:05.991209	\N	t	\N
426	914022.69	3689909.59953	2019-05-30	4.037	39939373.97	\N	17	2020-03-17 16:47:05.999543	2020-03-17 16:47:05.999543	\N	t	\N
427	987323.42	3985824.64654	2019-11-30	4.037	39939373.97	\N	17	2020-03-17 16:47:06.007887	2020-03-17 16:47:06.007887	\N	t	\N
428	155517.3	502787.4309	2017-11-30	3.233	17453436.84	\N	18	2020-03-17 16:47:06.016226	2020-03-17 16:47:06.016226	\N	t	\N
429	131574.78	489852.90594	2018-05-30	3.723	24720716.05	\N	18	2020-03-17 16:47:06.033123	2020-03-17 16:47:06.033123	\N	t	\N
430	126109.11	488105.310255	2018-11-30	3.8705	36589373.97	\N	18	2020-03-17 16:47:06.041301	2020-03-17 16:47:06.041301	\N	t	\N
431	106800.29	431152.77073	2019-05-30	4.037	39939373.97	\N	18	2020-03-17 16:47:06.049625	2020-03-17 16:47:06.049625	\N	t	\N
432	107441.79	433742.50623	2019-11-30	4.037	39939373.97	\N	18	2020-03-17 16:47:06.057959	2020-03-17 16:47:06.057959	\N	t	\N
466	1203000.0	30066.579	2014-11-14	4001129310.0	0.0	\N	40	2020-06-01 13:09:37.618743	2020-06-01 23:26:03.571234	\N	t	
415	11015060.44	36140413303.64	2017-06-05	328100.0	2408990.48	\N	15	2020-03-17 16:47:05.891214	2020-04-28 15:01:18.89769	\N	t	
416	4029385.92	13081401389.28	2017-10-20	324650000000000000.0	13424050.92	\N	15	2020-03-17 16:47:05.899578	2020-04-28 15:48:00.745572	\N	t	
417	2581628.5	82818642.28	2017-11-22	32080.0	17453436.84	\N	15	2020-03-17 16:47:05.916248	2020-04-28 15:49:09.04737	\N	t	
440	30000.0	15000.0	2020-05-28	2.0	0.0	\N	32	2020-05-28 21:03:26.537327	2020-05-28 21:03:26.537327	\N	\N	
441	50000.0	50000.0	2020-06-28	1.0	0.0	\N	32	2020-05-28 21:04:00.753087	2020-05-28 21:04:00.753087	\N	\N	
467	9943227.53	34304134.98	2016-05-31	0.289855072	1203000.0	\N	40	2020-06-01 13:09:37.64692	2020-06-01 13:09:37.64692	\N	t	\N
468	7591386.98	24296234.03	2017-12-22	0.3124511795	11146227.53	\N	40	2020-06-01 13:09:37.664173	2020-06-01 13:09:37.664173	2018-01-19	t	\N
469	5051688.4	3006657.9	2019-06-21	0.260960334	23320862.55	\N	40	2020-06-01 13:09:37.6809	2020-06-01 13:09:37.6809	2019-06-26	t	\N
470	5713.75	17426.92	2015-04-15	0.327869181702790854608846543	1203000.0	\N	42	2020-06-01 13:09:37.695987	2020-06-01 13:09:37.695987	\N	\N	\N
471	7165.93	28240.93	2015-10-15	0.253742706065274762552083094	1203000.0	\N	42	2020-06-01 13:09:37.712536	2020-06-01 13:09:37.712536	\N	\N	\N
472	11414.32	40264.01	2016-04-15	0.283486915486063111945382489	1203000.0	\N	42	2020-06-01 13:09:37.729257	2020-06-01 13:09:37.729257	\N	\N	\N
473	82242.95	260874.64	2016-10-15	0.315258508837808075173577623	11146227.53	\N	42	2020-06-01 13:09:37.746086	2020-06-01 13:09:37.746086	\N	\N	\N
474	114972.74	356530.47	2017-04-15	0.32247661749639518888806334	11146227.53	\N	42	2020-06-01 13:09:37.762836	2020-06-01 13:09:37.762836	\N	\N	\N
475	122525.9	390122.47	2017-10-15	0.314070348216548511035521743	11146227.53	\N	42	2020-06-01 13:09:37.779283	2020-06-01 13:09:37.779283	\N	\N	\N
476	202229.9	686853.63	2018-04-15	0.294429396842526696699557371	18737614.51	\N	42	2020-06-01 13:09:37.796081	2020-06-01 13:09:37.796081	\N	\N	\N
477	309632.66	1164373.62	2018-10-15	0.265922084356394127170280618	18737614.51	\N	42	2020-06-01 13:09:37.84639	2020-06-01 13:09:37.84639	\N	\N	\N
\.


--
-- Name: attachments_id_seq; Type: SEQUENCE SET; Schema: public; Owner: sigdiv
--

SELECT pg_catalog.setval('public.attachments_id_seq', 15, true);


--
-- Name: creditors_id_seq; Type: SEQUENCE SET; Schema: public; Owner: sigdiv
--

SELECT pg_catalog.setval('public.creditors_id_seq', 10, true);


--
-- Name: currencies_id_seq; Type: SEQUENCE SET; Schema: public; Owner: sigdiv
--

SELECT pg_catalog.setval('public.currencies_id_seq', 8, true);


--
-- Name: debts_id_seq; Type: SEQUENCE SET; Schema: public; Owner: sigdiv
--

SELECT pg_catalog.setval('public.debts_id_seq', 15, true);


--
-- Name: transaction_infos_id_seq; Type: SEQUENCE SET; Schema: public; Owner: sigdiv
--

SELECT pg_catalog.setval('public.transaction_infos_id_seq', 78, true);


--
-- Name: transaction_items_id_seq; Type: SEQUENCE SET; Schema: public; Owner: sigdiv
--

SELECT pg_catalog.setval('public.transaction_items_id_seq', 509, true);


--
-- Name: ar_internal_metadata ar_internal_metadata_pkey; Type: CONSTRAINT; Schema: public; Owner: sigdiv
--

ALTER TABLE ONLY public.ar_internal_metadata
    ADD CONSTRAINT ar_internal_metadata_pkey PRIMARY KEY (key);


--
-- Name: attachments attachments_pkey; Type: CONSTRAINT; Schema: public; Owner: sigdiv
--

ALTER TABLE ONLY public.attachments
    ADD CONSTRAINT attachments_pkey PRIMARY KEY (id);


--
-- Name: creditors creditors_pkey; Type: CONSTRAINT; Schema: public; Owner: sigdiv
--

ALTER TABLE ONLY public.creditors
    ADD CONSTRAINT creditors_pkey PRIMARY KEY (id);


--
-- Name: currencies currencies_pkey; Type: CONSTRAINT; Schema: public; Owner: sigdiv
--

ALTER TABLE ONLY public.currencies
    ADD CONSTRAINT currencies_pkey PRIMARY KEY (id);


--
-- Name: debts debts_pkey; Type: CONSTRAINT; Schema: public; Owner: sigdiv
--

ALTER TABLE ONLY public.debts
    ADD CONSTRAINT debts_pkey PRIMARY KEY (id);


--
-- Name: schema_migrations schema_migrations_pkey; Type: CONSTRAINT; Schema: public; Owner: sigdiv
--

ALTER TABLE ONLY public.schema_migrations
    ADD CONSTRAINT schema_migrations_pkey PRIMARY KEY (version);


--
-- Name: transaction_infos transaction_infos_pkey; Type: CONSTRAINT; Schema: public; Owner: sigdiv
--

ALTER TABLE ONLY public.transaction_infos
    ADD CONSTRAINT transaction_infos_pkey PRIMARY KEY (id);


--
-- Name: transaction_items transaction_items_pkey; Type: CONSTRAINT; Schema: public; Owner: sigdiv
--

ALTER TABLE ONLY public.transaction_items
    ADD CONSTRAINT transaction_items_pkey PRIMARY KEY (id);


--
-- PostgreSQL database dump complete
--

